Pagina,Apparaatcategorie,Besturingssysteem,Browser,Browserversie,Unieke paginaweergaves
/templates/bestellen.asp,desktop,Windows,Internet Explorer,11.0,476
/templates/winkelwagen.asp,desktop,Windows,Internet Explorer,11.0,420
/shop/checkout.asp,desktop,Windows,Internet Explorer,11.0,294
/shop/selectpaymentmethod.asp,desktop,Windows,Internet Explorer,11.0,271
/shop/psp/IDEC/cfm.asp,desktop,Windows,Internet Explorer,11.0,169
/templates/bestellen.asp,desktop,Windows,Internet Explorer,9.0,62
/templates/winkelwagen.asp,desktop,Windows,Internet Explorer,9.0,52
/templates/bestellen.asp,tablet,iOS,Safari,7.0,47
/shop/checkout.asp,desktop,Windows,Internet Explorer,9.0,44
/shop/selectpaymentmethod.asp,desktop,Windows,Internet Explorer,9.0,44
/templates/bestellen.asp,desktop,Windows,Chrome,35.0.1916.153,44
/templates/winkelwagen.asp,desktop,Windows,Chrome,35.0.1916.153,41
/templates/bestellen.asp,tablet,iOS,Safari,8.0,39
/templates/bestellen.asp,desktop,Windows,Chrome,36.0.1985.125,36
/templates/bestellen.asp,desktop,Windows,Edge,12.10240,36
/templates/winkelwagen.asp,desktop,Windows,Edge,12.10240,34
/templates/winkelwagen.asp,tablet,iOS,Safari,7.0,34
/templates/bestellen.asp,desktop,Windows,Chrome,35.0.1916.114,33
/templates/bestellen.asp,desktop,Windows,Internet Explorer,10.0,33
/templates/bestellen.asp,desktop,Windows,Chrome,39.0.2171.95,32
/templates/winkelwagen.asp,desktop,Windows,Chrome,35.0.1916.114,31
/shop/psp/IDEC/cfm.asp,desktop,Windows,Internet Explorer,9.0,29
/templates/winkelwagen.asp,tablet,iOS,Safari,8.0,29
/templates/winkelwagen.asp,desktop,Windows,Chrome,36.0.1985.125,28
/templates/winkelwagen.asp,desktop,Windows,Internet Explorer,10.0,28
/templates/bestellen.asp,desktop,Windows,Chrome,38.0.2125.111,27
/templates/winkelwagen.asp,desktop,Windows,Chrome,39.0.2171.95,27
/shop/checkout.asp,desktop,Windows,Chrome,35.0.1916.153,26
/shop/checkout.asp,tablet,iOS,Safari,7.0,25
/templates/bestellen.asp,desktop,Windows,Chrome,34.0.1847.131,25
/shop/checkout.asp,desktop,Windows,Edge,12.10240,24
/shop/selectpaymentmethod.asp,desktop,Windows,Chrome,35.0.1916.153,24
/templates/bestellen.asp,desktop,Windows,Chrome,49.0.2623.87,24
/templates/bestellen.asp,desktop,Windows,Edge,13.10586,24
/templates/winkelwagen.asp,desktop,Windows,Chrome,34.0.1847.131,24
/templates/bestellen.asp,desktop,Windows,Chrome,49.0.2623.112,23
/templates/bestellen.asp,desktop,Windows,Chrome,47.0.2526.106,22
/templates/bestellen.asp,tablet,Android,Android Browser,4.0,22
/templates/winkelwagen.asp,desktop,Windows,Chrome,38.0.2125.111,22
/templates/winkelwagen.asp,desktop,Windows,Chrome,49.0.2623.112,22
/templates/winkelwagen.asp,desktop,Windows,Edge,13.10586,22
/shop/selectpaymentmethod.asp,desktop,Windows,Edge,12.10240,21
/shop/selectpaymentmethod.asp,tablet,iOS,Safari,7.0,21
/templates/bestellen.asp,desktop,Windows,Chrome,36.0.1985.143,21
/templates/winkelwagen.asp,desktop,Windows,Chrome,47.0.2526.106,21
/shop/checkout.asp,desktop,Windows,Chrome,35.0.1916.114,20
/templates/bestellen.asp,desktop,Windows,Chrome,39.0.2171.71,20
/templates/bestellen.asp,desktop,Windows,Chrome,44.0.2403.157,20
/templates/bestellen.asp,desktop,Windows,Chrome,48.0.2564.116,20
/templates/winkelwagen.asp,desktop,Windows,Chrome,49.0.2623.87,20
/shop/checkout.asp,tablet,iOS,Safari,8.0,19
/shop/selectpaymentmethod.asp,desktop,Windows,Chrome,35.0.1916.114,19
/shop/selectpaymentmethod.asp,tablet,iOS,Safari,8.0,19
/templates/bestellen.asp,tablet,iOS,Safari,9.0,19
/shop/checkout.asp,desktop,Windows,Chrome,39.0.2171.95,18
/shop/checkout.asp,desktop,Windows,Edge,13.10586,18
/templates/bestellen.asp,desktop,Windows,Chrome,37.0.2062.124,18
/templates/winkelwagen.asp,desktop,Windows,Chrome,39.0.2171.71,18
/shop/checkout.asp,desktop,Windows,Chrome,34.0.1847.131,17
/shop/checkout.asp,desktop,Windows,Internet Explorer,10.0,17
/shop/selectpaymentmethod.asp,desktop,Windows,Chrome,39.0.2171.95,17
/shop/selectpaymentmethod.asp,desktop,Windows,Internet Explorer,10.0,17
/templates/bestellen.asp,desktop,Windows,Firefox,29.0,17
/templates/winkelwagen.asp,desktop,Windows,Chrome,36.0.1985.143,17
/templates/winkelwagen.asp,desktop,Windows,Chrome,48.0.2564.116,17
/templates/bestellen.asp,desktop,Windows,Chrome,37.0.2062.120,16
/templates/bestellen.asp,desktop,Windows,Chrome,40.0.2214.111,16
/templates/bestellen.asp,desktop,Windows,Chrome,47.0.2526.111,16
/templates/bestellen.asp,desktop,Windows,Firefox,33.0,16
/templates/bestellen.asp,desktop,Windows,Firefox,40.0,16
/templates/winkelwagen.asp,desktop,Windows,Firefox,33.0,16
/shop/checkout.asp,desktop,Windows,Chrome,49.0.2623.112,15
/shop/psp/IDEC/cfm.asp,tablet,iOS,Safari,7.0,15
/shop/psp/IDEC/cfm.asp,tablet,iOS,Safari,8.0,15
/shop/selectpaymentmethod.asp,desktop,Windows,Chrome,34.0.1847.131,15
/shop/selectpaymentmethod.asp,desktop,Windows,Chrome,49.0.2623.112,15
/shop/selectpaymentmethod.asp,desktop,Windows,Edge,13.10586,15
/templates/bestellen.asp,desktop,Windows,Chrome,40.0.2214.115,15
/templates/bestellen.asp,desktop,Windows,Internet Explorer,8.0,15
/templates/winkelwagen.asp,desktop,Windows,Chrome,37.0.2062.120,15
/templates/winkelwagen.asp,desktop,Windows,Chrome,37.0.2062.124,15
/templates/winkelwagen.asp,desktop,Windows,Chrome,40.0.2214.111,15
/templates/winkelwagen.asp,desktop,Windows,Chrome,44.0.2403.157,15
/templates/winkelwagen.asp,tablet,Android,Android Browser,4.0,15
/shop/checkout.asp,desktop,Windows,Chrome,36.0.1985.125,14
/shop/checkout.asp,desktop,Windows,Chrome,38.0.2125.111,14
/templates/bestellen.asp,desktop,Windows,Chrome,41.0.2272.101,14
/templates/bestellen.asp,desktop,Windows,Chrome,48.0.2564.109,14
/templates/winkelwagen.asp,desktop,Windows,Chrome,41.0.2272.101,14
/templates/winkelwagen.asp,desktop,Windows,Firefox,29.0,14
/templates/winkelwagen.asp,desktop,Windows,Firefox,40.0,14
/templates/winkelwagen.asp,desktop,Windows,Internet Explorer,8.0,14
/shop/checkout.asp,desktop,Windows,Chrome,39.0.2171.71,13
/shop/psp/IDEC/cfm.asp,desktop,Windows,Internet Explorer,10.0,13
/shop/selectpaymentmethod.asp,desktop,Windows,Chrome,36.0.1985.125,13
/templates/bestellen.asp,desktop,Windows,Chrome,42.0.2311.135,13
/templates/bestellen.asp,desktop,Windows,Chrome,49.0.2623.110,13
/templates/bestellen.asp,desktop,Windows,Firefox,32.0,13
/templates/winkelwagen.asp,desktop,Windows,Chrome,48.0.2564.109,13
/templates/winkelwagen.asp,tablet,iOS,Safari,9.0,13
/shop/checkout.asp,desktop,Windows,Chrome,36.0.1985.143,12
/shop/checkout.asp,desktop,Windows,Chrome,47.0.2526.106,12
/shop/checkout.asp,desktop,Windows,Internet Explorer,8.0,12
/shop/psp/IDEC/cfm.asp,desktop,Windows,Chrome,35.0.1916.153,12
/shop/selectpaymentmethod.asp,desktop,Windows,Chrome,39.0.2171.71,12
/templates/bestellen.asp,desktop,Windows,Chrome,46.0.2490.86,12
/templates/bestellen.asp,desktop,Windows,Firefox,31.0,12
/templates/winkelwagen.asp,desktop,Windows,Chrome,42.0.2311.135,12
/templates/winkelwagen.asp,desktop,Windows,Chrome,49.0.2623.110,12
/shop/checkout.asp,desktop,Windows,Chrome,37.0.2062.120,11
/shop/checkout.asp,desktop,Windows,Firefox,33.0,11
/shop/psp/IDEC/cfm.asp,desktop,Windows,Edge,12.10240,11
/templates/bestellen.asp,desktop,Windows,Firefox,30.0,11
/templates/winkelwagen.asp,desktop,Windows,Chrome,40.0.2214.115,11
/templates/winkelwagen.asp,desktop,Windows,Chrome,47.0.2526.111,11
/shop/checkout.asp,desktop,Windows,Chrome,41.0.2272.101,10
/shop/psp/IDEC/cfm.asp,desktop,Windows,Chrome,39.0.2171.95,10
/shop/psp/IDEC/cfm.asp,desktop,Windows,Edge,13.10586,10
/shop/selectpaymentmethod.asp,desktop,Windows,Chrome,36.0.1985.143,10
/shop/selectpaymentmethod.asp,desktop,Windows,Chrome,37.0.2062.120,10
/shop/selectpaymentmethod.asp,desktop,Windows,Chrome,38.0.2125.111,10
/shop/selectpaymentmethod.asp,desktop,Windows,Chrome,47.0.2526.106,10
/shop/selectpaymentmethod.asp,desktop,Windows,Firefox,33.0,10
/templates/bestellen.asp,desktop,Macintosh,Safari,6.1.6,10
/templates/bestellen.asp,desktop,Windows,Chrome,42.0.2311.90,10
/templates/bestellen.asp,desktop,Windows,Chrome,46.0.2490.80,10
/templates/bestellen.asp,desktop,Windows,Firefox,44.0,10
/templates/bestellen.asp,desktop,Windows,Firefox,45.0,10
/templates/winkelwagen.asp,desktop,Windows,Chrome,46.0.2490.86,10
/templates/winkelwagen.asp,desktop,Windows,Firefox,30.0,10
/templates/winkelwagen.asp,desktop,Windows,Firefox,31.0,10
/shop/checkout.asp,desktop,Windows,Firefox,29.0,9
/shop/checkout.asp,desktop,Windows,Firefox,40.0,9
/shop/checkout.asp,tablet,iOS,Safari,9.0,9
/shop/selectpaymentmethod.asp,desktop,Windows,Chrome,41.0.2272.101,9
/shop/selectpaymentmethod.asp,desktop,Windows,Firefox,40.0,9
/shop/selectpaymentmethod.asp,desktop,Windows,Internet Explorer,8.0,9
/templates/bestellen.asp,desktop,Windows,Chrome,38.0.2125.104,9
/templates/bestellen.asp,desktop,Windows,Firefox,35.0,9
/templates/bestellen.asp,desktop,Windows,Firefox,41.0,9
/templates/bestellen.asp,desktop,Windows,Internet Explorer,7.0,9
/templates/winkelwagen.asp,desktop,Windows,Chrome,38.0.2125.104,9
/templates/winkelwagen.asp,desktop,Windows,Chrome,42.0.2311.90,9
/templates/winkelwagen.asp,desktop,Windows,Firefox,45.0,9
/shop/checkout.asp,desktop,Windows,Chrome,37.0.2062.124,8
/shop/checkout.asp,desktop,Windows,Chrome,40.0.2214.115,8
/shop/checkout.asp,desktop,Windows,Chrome,43.0.2357.124,8
/shop/checkout.asp,desktop,Windows,Chrome,48.0.2564.116,8
/shop/checkout.asp,desktop,Windows,Chrome,49.0.2623.87,8
/shop/checkout.asp,desktop,Windows,Firefox,36.0,8
/shop/checkout.asp,desktop,Windows,Firefox,42.0,8
/shop/psp/IDEC/cfm.asp,desktop,Windows,Chrome,36.0.1985.125,8
/shop/psp/IDEC/cfm.asp,desktop,Windows,Chrome,39.0.2171.71,8
/shop/psp/IDEC/cfm.asp,tablet,iOS,Safari,9.0,8
/shop/selectpaymentmethod.asp,desktop,Windows,Chrome,48.0.2564.116,8
/shop/selectpaymentmethod.asp,desktop,Windows,Chrome,49.0.2623.87,8
/shop/selectpaymentmethod.asp,desktop,Windows,Firefox,29.0,8
/shop/selectpaymentmethod.asp,tablet,iOS,Safari,9.0,8
/templates/bestellen.asp,desktop,Macintosh,Safari,5.1.9,8
/templates/bestellen.asp,desktop,Windows,Chrome,34.0.1847.137,8
/templates/bestellen.asp,desktop,Windows,Chrome,43.0.2357.124,8
/templates/bestellen.asp,desktop,Windows,Chrome,45.0.2454.101,8
/templates/bestellen.asp,desktop,Windows,Firefox,36.0,8
/templates/bestellen.asp,desktop,Windows,Firefox,38.0,8
/templates/bestellen.asp,desktop,Windows,Firefox,42.0,8
/templates/bestellen.asp,desktop,Windows,Firefox,43.0,8
/templates/winkelwagen.asp,desktop,Macintosh,Safari,6.1.6,8
/templates/winkelwagen.asp,desktop,Windows,Chrome,43.0.2357.124,8
/templates/winkelwagen.asp,desktop,Windows,Firefox,32.0,8
/templates/winkelwagen.asp,desktop,Windows,Firefox,38.0,8
/templates/winkelwagen.asp,desktop,Windows,Firefox,41.0,8
/templates/winkelwagen.asp,desktop,Windows,Firefox,42.0,8
/templates/winkelwagen.asp,desktop,Windows,Firefox,43.0,8
/templates/winkelwagen.asp,desktop,Windows,Firefox,44.0,8
/templates/winkelwagen.asp,desktop,Windows,Internet Explorer,7.0,8
/shop/checkout.asp,desktop,Windows,Chrome,38.0.2125.104,7
/shop/checkout.asp,desktop,Windows,Chrome,42.0.2311.135,7
/shop/checkout.asp,desktop,Windows,Chrome,44.0.2403.157,7
/shop/checkout.asp,desktop,Windows,Chrome,47.0.2526.111,7
/shop/checkout.asp,desktop,Windows,Chrome,48.0.2564.109,7
/shop/checkout.asp,desktop,Windows,Firefox,41.0,7
/shop/psp/IDEC/cfm.asp,desktop,Windows,Chrome,35.0.1916.114,7
/shop/psp/IDEC/cfm.asp,desktop,Windows,Chrome,38.0.2125.111,7
/shop/psp/IDEC/cfm.asp,desktop,Windows,Chrome,40.0.2214.115,7
/shop/selectpaymentmethod.asp,desktop,Windows,Chrome,37.0.2062.124,7
/shop/selectpaymentmethod.asp,desktop,Windows,Chrome,40.0.2214.115,7
/shop/selectpaymentmethod.asp,desktop,Windows,Chrome,42.0.2311.135,7
/shop/selectpaymentmethod.asp,desktop,Windows,Chrome,43.0.2357.124,7
/shop/selectpaymentmethod.asp,desktop,Windows,Chrome,47.0.2526.111,7
/shop/selectpaymentmethod.asp,desktop,Windows,Firefox,36.0,7
/shop/selectpaymentmethod.asp,desktop,Windows,Firefox,41.0,7
/shop/selectpaymentmethod.asp,desktop,Windows,Firefox,42.0,7
/templates/bestellen.asp,desktop,Macintosh,Safari,8.0.3,7
/templates/bestellen.asp,desktop,Windows,Chrome,33.0.1750.154,7
/templates/bestellen.asp,desktop,Windows,Chrome,39.0.2171.99,7
/templates/bestellen.asp,desktop,Windows,Firefox,34.0,7
/templates/bestellen.asp,mobile,iOS,Safari,9.0,7
/templates/bestellen.asp,mobile,Windows,Internet Explorer,11.0,7
/templates/winkelwagen.asp,desktop,Macintosh,Safari,8.0.3,7
/templates/winkelwagen.asp,desktop,Windows,Chrome,33.0.1750.154,7
/templates/winkelwagen.asp,desktop,Windows,Chrome,34.0.1847.137,7
/templates/winkelwagen.asp,desktop,Windows,Chrome,46.0.2490.80,7
/templates/winkelwagen.asp,desktop,Windows,Firefox,35.0,7
/templates/winkelwagen.asp,desktop,Windows,Firefox,36.0,7
/shop/checkout.asp,desktop,Macintosh,Safari,6.1.6,6
/shop/checkout.asp,desktop,Windows,Chrome,33.0.1750.154,6
/shop/checkout.asp,desktop,Windows,Chrome,40.0.2214.111,6
/shop/checkout.asp,desktop,Windows,Chrome,46.0.2490.80,6
/shop/checkout.asp,desktop,Windows,Chrome,49.0.2623.110,6
/shop/checkout.asp,desktop,Windows,Firefox,30.0,6
/shop/checkout.asp,desktop,Windows,Firefox,31.0,6
/shop/checkout.asp,desktop,Windows,Firefox,44.0,6
/shop/checkout.asp,desktop,Windows,Firefox,45.0,6
/shop/checkout.asp,tablet,Android,Android Browser,4.0,6
/shop/psp/IDEC/cfm.asp,desktop,Windows,Chrome,34.0.1847.131,6
/shop/psp/IDEC/cfm.asp,desktop,Windows,Chrome,49.0.2623.112,6
/shop/psp/IDEC/cfm.asp,desktop,Windows,Chrome,49.0.2623.87,6
/shop/selectpaymentmethod.asp,desktop,Windows,Chrome,33.0.1750.154,6
/shop/selectpaymentmethod.asp,desktop,Windows,Chrome,38.0.2125.104,6
/shop/selectpaymentmethod.asp,desktop,Windows,Chrome,40.0.2214.111,6
/shop/selectpaymentmethod.asp,desktop,Windows,Chrome,44.0.2403.157,6
/shop/selectpaymentmethod.asp,desktop,Windows,Chrome,48.0.2564.109,6
/shop/selectpaymentmethod.asp,desktop,Windows,Firefox,31.0,6
/shop/selectpaymentmethod.asp,desktop,Windows,Firefox,45.0,6
/shop/selectpaymentmethod.asp,tablet,Android,Android Browser,4.0,6
/templates/bestellen.asp,desktop,Macintosh,Safari,7.0.6,6
/templates/bestellen.asp,desktop,Windows,Chrome,39.0.2171.65,6
/templates/bestellen.asp,desktop,Windows,Chrome,43.0.2357.130,6
/templates/bestellen.asp,desktop,Windows,Chrome,43.0.2357.132,6
/templates/bestellen.asp,desktop,Windows,Chrome,45.0.2454.85,6
/templates/winkelwagen.asp,desktop,Macintosh,Safari,5.1.9,6
/templates/winkelwagen.asp,desktop,Macintosh,Safari,7.0.6,6
/templates/winkelwagen.asp,desktop,Windows,Chrome,39.0.2171.99,6
/templates/winkelwagen.asp,desktop,Windows,Firefox,34.0,6
/templates/winkelwagen.asp,mobile,Windows,Internet Explorer,11.0,6
/shop/checkout.asp,desktop,Macintosh,Safari,5.1.9,5
/shop/checkout.asp,desktop,Windows,Chrome,42.0.2311.90,5
/shop/checkout.asp,desktop,Windows,Chrome,46.0.2490.86,5
/shop/checkout.asp,desktop,Windows,Firefox,32.0,5
/shop/checkout.asp,desktop,Windows,Firefox,34.0,5
/shop/checkout.asp,desktop,Windows,Firefox,35.0,5
/shop/checkout.asp,desktop,Windows,Firefox,43.0,5
/shop/checkout.asp,desktop,Windows,Internet Explorer,7.0,5
/shop/psp/IDEC/cfm.asp,desktop,Macintosh,Safari,6.1.6,5
/shop/psp/IDEC/cfm.asp,desktop,Windows,Chrome,38.0.2125.104,5
/shop/psp/IDEC/cfm.asp,desktop,Windows,Chrome,41.0.2272.101,5
/shop/psp/IDEC/cfm.asp,desktop,Windows,Chrome,43.0.2357.124,5
/shop/psp/IDEC/cfm.asp,desktop,Windows,Firefox,33.0,5
/shop/psp/IDEC/cfm.asp,desktop,Windows,Firefox,42.0,5
/shop/selectpaymentmethod.asp,desktop,Macintosh,Safari,5.1.9,5
/shop/selectpaymentmethod.asp,desktop,Macintosh,Safari,6.1.6,5
/shop/selectpaymentmethod.asp,desktop,Windows,Chrome,42.0.2311.90,5
/shop/selectpaymentmethod.asp,desktop,Windows,Chrome,46.0.2490.80,5
/shop/selectpaymentmethod.asp,desktop,Windows,Chrome,46.0.2490.86,5
/shop/selectpaymentmethod.asp,desktop,Windows,Chrome,49.0.2623.110,5
/shop/selectpaymentmethod.asp,desktop,Windows,Firefox,32.0,5
/shop/selectpaymentmethod.asp,desktop,Windows,Firefox,34.0,5
/shop/selectpaymentmethod.asp,desktop,Windows,Firefox,35.0,5
/shop/selectpaymentmethod.asp,desktop,Windows,Firefox,44.0,5
/shop/selectpaymentmethod.asp,desktop,Windows,Internet Explorer,7.0,5
/templates/bestellen.asp,desktop,Windows,Chrome,40.0.2214.94,5
/templates/bestellen.asp,desktop,Windows,Chrome,41.0.2272.89,5
/templates/bestellen.asp,desktop,Windows,Chrome,44.0.2403.130,5
/templates/bestellen.asp,desktop,Windows,Chrome,44.0.2403.155,5
/templates/bestellen.asp,mobile,Android,Android Browser,4.0,5
/templates/winkelwagen.asp,desktop,Windows,Chrome,43.0.2357.130,5
/templates/winkelwagen.asp,desktop,Windows,Chrome,43.0.2357.132,5
/templates/winkelwagen.asp,desktop,Windows,Chrome,44.0.2403.130,5
/templates/winkelwagen.asp,desktop,Windows,Chrome,44.0.2403.155,5
/shop/checkout.asp,desktop,Macintosh,Safari,7.0.6,4
/shop/checkout.asp,desktop,Macintosh,Safari,8.0.3,4
/shop/checkout.asp,desktop,Windows,Chrome,43.0.2357.130,4
/shop/checkout.asp,desktop,Windows,Chrome,47.0.2526.73,4
/shop/checkout.asp,mobile,Windows,Internet Explorer,11.0,4
/shop/psp/IDEC/cfm.asp,desktop,Windows,Chrome,36.0.1985.143,4
/shop/psp/IDEC/cfm.asp,desktop,Windows,Chrome,37.0.2062.120,4
/shop/psp/IDEC/cfm.asp,desktop,Windows,Chrome,37.0.2062.124,4
/shop/psp/IDEC/cfm.asp,desktop,Windows,Chrome,42.0.2311.135,4
/shop/psp/IDEC/cfm.asp,desktop,Windows,Firefox,36.0,4
/shop/psp/IDEC/cfm.asp,desktop,Windows,Firefox,40.0,4
/shop/psp/IDEC/cfm.asp,desktop,Windows,Firefox,45.0,4
/shop/psp/IDEC/cfm.asp,desktop,Windows,Internet Explorer,7.0,4
/shop/selectpaymentmethod.asp,desktop,Macintosh,Safari,7.0.6,4
/shop/selectpaymentmethod.asp,desktop,Macintosh,Safari,8.0.3,4
/shop/selectpaymentmethod.asp,desktop,Windows,Chrome,47.0.2526.73,4
/shop/selectpaymentmethod.asp,desktop,Windows,Firefox,30.0,4
/shop/selectpaymentmethod.asp,desktop,Windows,Firefox,43.0,4
/templates/bestellen.asp,desktop,Macintosh,Chrome,35.0.1916.153,4
/templates/bestellen.asp,desktop,Macintosh,Firefox,38.0,4
/templates/bestellen.asp,desktop,Macintosh,Safari,6.1.4,4
/templates/bestellen.asp,desktop,Macintosh,Safari,7.0.3,4
/templates/bestellen.asp,desktop,Macintosh,Safari,8.0.8,4
/templates/bestellen.asp,desktop,Macintosh,Safari,9.0.3,4
/templates/bestellen.asp,desktop,Windows,Chrome,37.0.2062.103,4
/templates/bestellen.asp,desktop,Windows,Chrome,40.0.2179.0,4
/templates/bestellen.asp,desktop,Windows,Chrome,41.0.2272.118,4
/templates/bestellen.asp,desktop,Windows,Chrome,43.0.2357.134,4
/templates/bestellen.asp,desktop,Windows,Chrome,43.0.2357.81,4
/templates/bestellen.asp,desktop,Windows,Chrome,47.0.2526.73,4
/templates/bestellen.asp,desktop,Windows,Chrome,47.0.2526.80,4
/templates/bestellen.asp,desktop,Windows,Firefox,28.0,4
/templates/bestellen.asp,mobile,Android,Chrome,47.0.2526.83,4
/templates/bestellen.asp,mobile,Android,Chrome,48.0.2564.95,4
/templates/bestellen.asp,tablet,iOS,Safari,9537.53,4
/templates/winkelwagen.asp,desktop,Macintosh,Safari,6.1.4,4
/templates/winkelwagen.asp,desktop,Macintosh,Safari,7.0.3,4
/templates/winkelwagen.asp,desktop,Windows,Chrome,37.0.2062.103,4
/templates/winkelwagen.asp,desktop,Windows,Chrome,39.0.2171.65,4
/templates/winkelwagen.asp,desktop,Windows,Chrome,40.0.2214.94,4
/templates/winkelwagen.asp,desktop,Windows,Chrome,45.0.2454.101,4
/templates/winkelwagen.asp,desktop,Windows,Chrome,47.0.2526.73,4
/templates/winkelwagen.asp,mobile,Android,Chrome,47.0.2526.83,4
/templates/winkelwagen.asp,mobile,Android,Chrome,48.0.2564.95,4
/shop/checkout.asp,desktop,Macintosh,Firefox,29.0,3
/shop/checkout.asp,desktop,Macintosh,Firefox,38.0,3
/shop/checkout.asp,desktop,Macintosh,Safari,6.1.4,3
/shop/checkout.asp,desktop,Macintosh,Safari,7.0.3,3
/shop/checkout.asp,desktop,Macintosh,Safari,7.0.4,3
/shop/checkout.asp,desktop,Macintosh,Safari,8.0,3
/shop/checkout.asp,desktop,Macintosh,Safari,8.0.8,3
/shop/checkout.asp,desktop,Windows,Chrome,34.0.1847.137,3
/shop/checkout.asp,desktop,Windows,Chrome,37.0.2062.103,3
/shop/checkout.asp,desktop,Windows,Chrome,40.0.2214.94,3
/shop/checkout.asp,desktop,Windows,Chrome,43.0.2357.132,3
/shop/checkout.asp,desktop,Windows,Chrome,43.0.2357.134,3
/shop/checkout.asp,desktop,Windows,Chrome,43.0.2357.81,3
/shop/checkout.asp,desktop,Windows,Chrome,44.0.2403.130,3
/shop/checkout.asp,desktop,Windows,Chrome,47.0.2526.80,3
/shop/checkout.asp,desktop,Windows,Chrome,48.0.2564.103,3
/shop/checkout.asp,desktop,Windows,Firefox,38.0,3
/shop/checkout.asp,mobile,Android,Chrome,47.0.2526.83,3
/shop/checkout.asp,tablet,iOS,Safari (in-app),(not set),3
/shop/psp/IDEC/cfm.asp,desktop,Macintosh,Firefox,29.0,3
/shop/psp/IDEC/cfm.asp,desktop,Macintosh,Safari,5.1.9,3
/shop/psp/IDEC/cfm.asp,desktop,Macintosh,Safari,7.0.6,3
/shop/psp/IDEC/cfm.asp,desktop,Macintosh,Safari,8.0,3
/shop/psp/IDEC/cfm.asp,desktop,Windows,Chrome,42.0.2311.90,3
/shop/psp/IDEC/cfm.asp,desktop,Windows,Chrome,43.0.2357.130,3
/shop/psp/IDEC/cfm.asp,desktop,Windows,Chrome,44.0.2403.157,3
/shop/psp/IDEC/cfm.asp,desktop,Windows,Chrome,46.0.2490.80,3
/shop/psp/IDEC/cfm.asp,desktop,Windows,Chrome,46.0.2490.86,3
/shop/psp/IDEC/cfm.asp,desktop,Windows,Chrome,47.0.2526.106,3
/shop/psp/IDEC/cfm.asp,desktop,Windows,Chrome,49.0.2623.110,3
/shop/psp/IDEC/cfm.asp,desktop,Windows,Firefox,32.0,3
/shop/psp/IDEC/cfm.asp,desktop,Windows,Firefox,34.0,3
/shop/psp/IDEC/cfm.asp,desktop,Windows,Firefox,41.0,3
/shop/psp/IDEC/cfm.asp,desktop,Windows,Internet Explorer,8.0,3
/shop/selectpaymentmethod.asp,desktop,Linux,Chrome,11.0.696.34,3
/shop/selectpaymentmethod.asp,desktop,Macintosh,Firefox,29.0,3
/shop/selectpaymentmethod.asp,desktop,Macintosh,Safari,7.0.3,3
/shop/selectpaymentmethod.asp,desktop,Macintosh,Safari,7.0.4,3
/shop/selectpaymentmethod.asp,desktop,Macintosh,Safari,8.0,3
/shop/selectpaymentmethod.asp,desktop,Windows,Chrome,34.0.1847.137,3
/shop/selectpaymentmethod.asp,desktop,Windows,Chrome,40.0.2214.94,3
/shop/selectpaymentmethod.asp,desktop,Windows,Chrome,43.0.2357.130,3
/shop/selectpaymentmethod.asp,desktop,Windows,Chrome,43.0.2357.134,3
/shop/selectpaymentmethod.asp,desktop,Windows,Chrome,43.0.2357.81,3
/shop/selectpaymentmethod.asp,desktop,Windows,Firefox,38.0,3
/shop/selectpaymentmethod.asp,mobile,Windows,Internet Explorer,11.0,3
/shop/selectpaymentmethod.asp,tablet,iOS,Safari (in-app),(not set),3
/templates/bestellen.asp,desktop,Linux,Firefox,29.0,3
/templates/bestellen.asp,desktop,Macintosh,Firefox,29.0,3
/templates/bestellen.asp,desktop,Macintosh,Safari,7.0.4,3
/templates/bestellen.asp,desktop,Macintosh,Safari,8.0,3
/templates/bestellen.asp,desktop,Windows,Chrome,40.0.2214.91,3
/templates/bestellen.asp,desktop,Windows,Chrome,44.0.2403.107,3
/templates/bestellen.asp,desktop,Windows,Chrome,48.0.2564.103,3
/templates/bestellen.asp,desktop,Windows,Chrome,50.0.2661.87,3
/templates/bestellen.asp,desktop,Windows,Firefox,39.0,3
/templates/bestellen.asp,desktop,Windows,Safari,5.1.7,3
/templates/bestellen.asp,mobile,Android,Chrome,28.0.1500.94,3
/templates/bestellen.asp,mobile,iOS,Safari,7.0,3
/templates/bestellen.asp,tablet,iOS,Safari,600.1.4,3
/templates/bestellen.asp,tablet,iOS,Safari (in-app),(not set),3
/templates/winkelwagen.asp,desktop,Linux,Chrome,11.0.696.34,3
/templates/winkelwagen.asp,desktop,Macintosh,Chrome,35.0.1916.153,3
/templates/winkelwagen.asp,desktop,Macintosh,Firefox,29.0,3
/templates/winkelwagen.asp,desktop,Macintosh,Firefox,38.0,3
/templates/winkelwagen.asp,desktop,Macintosh,Safari,7.0.4,3
/templates/winkelwagen.asp,desktop,Macintosh,Safari,8.0,3
/templates/winkelwagen.asp,desktop,Macintosh,Safari,8.0.8,3
/templates/winkelwagen.asp,desktop,Macintosh,Safari,9.0.3,3
/templates/winkelwagen.asp,desktop,Windows,Chrome,40.0.2214.91,3
/templates/winkelwagen.asp,desktop,Windows,Chrome,41.0.2272.118,3
/templates/winkelwagen.asp,desktop,Windows,Chrome,41.0.2272.89,3
/templates/winkelwagen.asp,desktop,Windows,Chrome,43.0.2357.134,3
/templates/winkelwagen.asp,desktop,Windows,Chrome,43.0.2357.81,3
/templates/winkelwagen.asp,desktop,Windows,Chrome,45.0.2454.85,3
/templates/winkelwagen.asp,desktop,Windows,Chrome,47.0.2526.80,3
/templates/winkelwagen.asp,desktop,Windows,Chrome,48.0.2564.103,3
/templates/winkelwagen.asp,desktop,Windows,Firefox,28.0,3
/templates/winkelwagen.asp,desktop,Windows,Firefox,39.0,3
/templates/winkelwagen.asp,mobile,Android,Android Browser,4.0,3
/templates/winkelwagen.asp,mobile,Android,Chrome,28.0.1500.94,3
/templates/winkelwagen.asp,mobile,iOS,Safari,7.0,3
/templates/winkelwagen.asp,mobile,iOS,Safari,9.0,3
/templates/winkelwagen.asp,tablet,iOS,Safari,9537.53,3
/templates/winkelwagen.asp,tablet,iOS,Safari (in-app),(not set),3
/shop/checkout.asp,desktop,Linux,Chrome,11.0.696.34,2
/shop/checkout.asp,desktop,Macintosh,Chrome,35.0.1916.153,2
/shop/checkout.asp,desktop,Macintosh,Chrome,38.0.2125.122,2
/shop/checkout.asp,desktop,Macintosh,Chrome,41.0.2272.104,2
/shop/checkout.asp,desktop,Macintosh,Safari,9.1,2
/shop/checkout.asp,desktop,Windows,Chrome,39.0.2171.99,2
/shop/checkout.asp,desktop,Windows,Chrome,40.0.2214.93,2
/shop/checkout.asp,desktop,Windows,Chrome,41.0.2272.118,2
/shop/checkout.asp,desktop,Windows,Chrome,41.0.2272.89,2
/shop/checkout.asp,desktop,Windows,Chrome,44.0.2403.155,2
/shop/checkout.asp,desktop,Windows,Chrome,45.0.2454.101,2
/shop/checkout.asp,desktop,Windows,Chrome,45.0.2454.85,2
/shop/checkout.asp,desktop,Windows,Firefox,28.0,2
/shop/checkout.asp,desktop,Windows,Firefox,39.0,2
/shop/checkout.asp,desktop,Windows,Opera,27.0.1689.66,2
/shop/checkout.asp,mobile,Android,Android Browser,4.0,2
/shop/checkout.asp,mobile,Android,Chrome,28.0.1500.94,2
/shop/checkout.asp,mobile,Android,Chrome,48.0.2564.95,2
/shop/checkout.asp,mobile,iOS,Safari,7.0,2
/shop/checkout.asp,mobile,iOS,Safari,9.0,2
/shop/checkout.asp,tablet,iOS,Safari,9537.53,2
/shop/psp/IDEC/cfm.asp,desktop,Linux,Chrome,11.0.696.34,2
/shop/psp/IDEC/cfm.asp,desktop,Macintosh,Chrome,38.0.2125.122,2
/shop/psp/IDEC/cfm.asp,desktop,Macintosh,Safari,6.1.4,2
/shop/psp/IDEC/cfm.asp,desktop,Macintosh,Safari,7.0.3,2
/shop/psp/IDEC/cfm.asp,desktop,Macintosh,Safari,8.0.3,2
/shop/psp/IDEC/cfm.asp,desktop,Windows,Chrome,33.0.1750.154,2
/shop/psp/IDEC/cfm.asp,desktop,Windows,Chrome,34.0.1847.137,2
/shop/psp/IDEC/cfm.asp,desktop,Windows,Chrome,37.0.2062.103,2
/shop/psp/IDEC/cfm.asp,desktop,Windows,Chrome,43.0.2357.81,2
/shop/psp/IDEC/cfm.asp,desktop,Windows,Chrome,44.0.2403.130,2
/shop/psp/IDEC/cfm.asp,desktop,Windows,Chrome,45.0.2454.85,2
/shop/psp/IDEC/cfm.asp,desktop,Windows,Chrome,47.0.2526.111,2
/shop/psp/IDEC/cfm.asp,desktop,Windows,Chrome,47.0.2526.73,2
/shop/psp/IDEC/cfm.asp,desktop,Windows,Chrome,48.0.2564.109,2
/shop/psp/IDEC/cfm.asp,desktop,Windows,Chrome,48.0.2564.116,2
/shop/psp/IDEC/cfm.asp,desktop,Windows,Firefox,29.0,2
/shop/psp/IDEC/cfm.asp,desktop,Windows,Firefox,31.0,2
/shop/psp/IDEC/cfm.asp,desktop,Windows,Firefox,35.0,2
/shop/psp/IDEC/cfm.asp,mobile,Windows,Internet Explorer,11.0,2
/shop/psp/IDEC/cfm.asp,mobile,Windows Phone,Internet Explorer,11.0,2
/shop/psp/IDEC/cfm.asp,tablet,Android,Android Browser,4.0,2
/shop/selectpaymentmethod.asp,desktop,Macintosh,Chrome,35.0.1916.153,2
/shop/selectpaymentmethod.asp,desktop,Macintosh,Chrome,38.0.2125.122,2
/shop/selectpaymentmethod.asp,desktop,Macintosh,Chrome,41.0.2272.104,2
/shop/selectpaymentmethod.asp,desktop,Macintosh,Safari,6.1.4,2
/shop/selectpaymentmethod.asp,desktop,Macintosh,Safari,8.0.8,2
/shop/selectpaymentmethod.asp,desktop,Macintosh,Safari,9.1,2
/shop/selectpaymentmethod.asp,desktop,Windows,Chrome,37.0.2062.103,2
/shop/selectpaymentmethod.asp,desktop,Windows,Chrome,39.0.2171.99,2
/shop/selectpaymentmethod.asp,desktop,Windows,Chrome,40.0.2214.93,2
/shop/selectpaymentmethod.asp,desktop,Windows,Chrome,41.0.2272.118,2
/shop/selectpaymentmethod.asp,desktop,Windows,Chrome,41.0.2272.89,2
/shop/selectpaymentmethod.asp,desktop,Windows,Chrome,44.0.2403.130,2
/shop/selectpaymentmethod.asp,desktop,Windows,Chrome,44.0.2403.155,2
/shop/selectpaymentmethod.asp,desktop,Windows,Chrome,45.0.2454.101,2
/shop/selectpaymentmethod.asp,desktop,Windows,Chrome,45.0.2454.85,2
/shop/selectpaymentmethod.asp,desktop,Windows,Chrome,47.0.2526.80,2
/shop/selectpaymentmethod.asp,desktop,Windows,Firefox,28.0,2
/shop/selectpaymentmethod.asp,desktop,Windows,Opera,27.0.1689.66,2
/shop/selectpaymentmethod.asp,mobile,iOS,Safari,7.0,2
/shop/selectpaymentmethod.asp,mobile,iOS,Safari,9.0,2
/shop/selectpaymentmethod.asp,tablet,iOS,Safari,9537.53,2
/templates/bestellen.asp,desktop,Linux,Chrome,11.0.696.34,2
/templates/bestellen.asp,desktop,Macintosh,Chrome,38.0.2125.122,2
/templates/bestellen.asp,desktop,Macintosh,Chrome,41.0.2272.104,2
/templates/bestellen.asp,desktop,Macintosh,Chrome,43.0.2357.81,2
/templates/bestellen.asp,desktop,Macintosh,Safari,7.1,2
/templates/bestellen.asp,desktop,Macintosh,Safari,8.0.5,2
/templates/bestellen.asp,desktop,Macintosh,Safari,9.1,2
/templates/bestellen.asp,desktop,Windows,Chrome,37.0.2062.94,2
/templates/bestellen.asp,desktop,Windows,Chrome,40.0.2214.93,2
/templates/bestellen.asp,desktop,Windows,Chrome,44.0.2403.125,2
/templates/bestellen.asp,desktop,Windows,Chrome,45.0.2454.99,2
/templates/bestellen.asp,desktop,Windows,Chrome,48.0.2564.97,2
/templates/bestellen.asp,desktop,Windows,Opera,27.0.1689.66,2
/templates/bestellen.asp,mobile,Android,Chrome,1.5,2
/templates/bestellen.asp,mobile,Android,Chrome,36.0.1985.135,2
/templates/bestellen.asp,mobile,Android,Chrome,39.0.2171.59,2
/templates/bestellen.asp,mobile,Android,Chrome,44.0.2403.133,2
/templates/bestellen.asp,mobile,Android,Chrome,49.0.2623.105,2
/templates/bestellen.asp,mobile,iOS,Safari,8.0,2
/templates/bestellen.asp,tablet,Android,Chrome,37.0.2062.117,2
/templates/bestellen.asp,tablet,iOS,Chrome,47.0.2526.107,2
/templates/bestellen.asp,tablet,Windows,Internet Explorer,11.0,2
/templates/winkelwagen.asp,desktop,Linux,Firefox,29.0,2
/templates/winkelwagen.asp,desktop,Macintosh,Chrome,38.0.2125.122,2
/templates/winkelwagen.asp,desktop,Macintosh,Chrome,41.0.2272.104,2
/templates/winkelwagen.asp,desktop,Macintosh,Chrome,43.0.2357.81,2
/templates/winkelwagen.asp,desktop,Macintosh,Safari,7.1,2
/templates/winkelwagen.asp,desktop,Macintosh,Safari,8.0.5,2
/templates/winkelwagen.asp,desktop,Macintosh,Safari,9.1,2
/templates/winkelwagen.asp,desktop,Windows,Chrome,40.0.2179.0,2
/templates/winkelwagen.asp,desktop,Windows,Chrome,40.0.2214.93,2
/templates/winkelwagen.asp,desktop,Windows,Chrome,44.0.2403.107,2
/templates/winkelwagen.asp,desktop,Windows,Chrome,48.0.2564.97,2
/templates/winkelwagen.asp,desktop,Windows,Chrome,50.0.2661.87,2
/templates/winkelwagen.asp,desktop,Windows,Opera,27.0.1689.66,2
/templates/winkelwagen.asp,mobile,Android,Chrome,1.5,2
/templates/winkelwagen.asp,mobile,Android,Chrome,44.0.2403.133,2
/templates/winkelwagen.asp,mobile,Android,Chrome,49.0.2623.105,2
/templates/winkelwagen.asp,mobile,iOS,Safari,8.0,2
/templates/winkelwagen.asp,tablet,Android,Chrome,37.0.2062.117,2
/templates/winkelwagen.asp,tablet,iOS,Chrome,47.0.2526.107,2
/templates/winkelwagen.asp,tablet,iOS,Safari,600.1.4,2
/shop/checkout.asp,desktop,Linux,Firefox,29.0,1
/shop/checkout.asp,desktop,Linux,Firefox,31.0,1
/shop/checkout.asp,desktop,Linux,Firefox,35.0,1
/shop/checkout.asp,desktop,Macintosh,Chrome,36.0.1985.125,1
/shop/checkout.asp,desktop,Macintosh,Chrome,37.0.2062.120,1
/shop/checkout.asp,desktop,Macintosh,Chrome,37.0.2062.124,1
/shop/checkout.asp,desktop,Macintosh,Chrome,39.0.2171.99,1
/shop/checkout.asp,desktop,Macintosh,Chrome,43.0.2357.124,1
/shop/checkout.asp,desktop,Macintosh,Chrome,43.0.2357.81,1
/shop/checkout.asp,desktop,Macintosh,Chrome,44.0.2391.0,1
/shop/checkout.asp,desktop,Macintosh,Chrome,46.0.2490.80,1
/shop/checkout.asp,desktop,Macintosh,Chrome,46.0.2490.86,1
/shop/checkout.asp,desktop,Macintosh,Chrome,47.0.2526.106,1
/shop/checkout.asp,desktop,Macintosh,Chrome,48.0.2564.116,1
/shop/checkout.asp,desktop,Macintosh,Firefox,3.6.26,1
/shop/checkout.asp,desktop,Macintosh,Firefox,30.0,1
/shop/checkout.asp,desktop,Macintosh,Firefox,31.0,1
/shop/checkout.asp,desktop,Macintosh,Firefox,40.0,1
/shop/checkout.asp,desktop,Macintosh,Firefox,45.0,1
/shop/checkout.asp,desktop,Macintosh,Safari,7.0.5,1
/shop/checkout.asp,desktop,Macintosh,Safari,7.1,1
/shop/checkout.asp,desktop,Macintosh,Safari,7.1.2,1
/shop/checkout.asp,desktop,Macintosh,Safari,7.1.3,1
/shop/checkout.asp,desktop,Macintosh,Safari,8.0.4,1
/shop/checkout.asp,desktop,Macintosh,Safari,9.0.3,1
/shop/checkout.asp,desktop,Windows,Chrome,35.0.1916.47,1
/shop/checkout.asp,desktop,Windows,Chrome,38.0.2125.101,1
/shop/checkout.asp,desktop,Windows,Chrome,39.0.2171.65,1
/shop/checkout.asp,desktop,Windows,Chrome,40.0.2179.0,1
/shop/checkout.asp,desktop,Windows,Chrome,40.0.2214.91,1
/shop/checkout.asp,desktop,Windows,Chrome,43.0.2357.65,1
/shop/checkout.asp,desktop,Windows,Chrome,44.0.2403.107,1
/shop/checkout.asp,desktop,Windows,Chrome,45.0.2454.93,1
/shop/checkout.asp,desktop,Windows,Chrome,46.0.2480.0,1
/shop/checkout.asp,desktop,Windows,Chrome,48.0.2564.97,1
/shop/checkout.asp,desktop,Windows,Chrome,50.0.2661.75,1
/shop/checkout.asp,desktop,Windows,Opera,29.0.1795.21,1
/shop/checkout.asp,desktop,Windows,Opera,36.0.2130.32,1
/shop/checkout.asp,desktop,Windows,Safari,5.1.7,1
/shop/checkout.asp,mobile,Android,Chrome,1.5,1
/shop/checkout.asp,mobile,Android,Chrome,31.0.1650.59,1
/shop/checkout.asp,mobile,Android,Chrome,34.0.1847.118,1
/shop/checkout.asp,mobile,Android,Chrome,37.0.2062.117,1
/shop/checkout.asp,mobile,Android,Chrome,39.0.2171.59,1
/shop/checkout.asp,mobile,Android,Chrome,39.0.2171.93,1
/shop/checkout.asp,mobile,Android,Chrome,43.0.2357.78,1
/shop/checkout.asp,mobile,iOS,Safari,6.0,1
/shop/checkout.asp,mobile,Windows Phone,Internet Explorer,11.0,1
/shop/checkout.asp,tablet,Android,Chrome,18.0.1025.166,1
/shop/checkout.asp,tablet,Android,Chrome,38.0.2125.114,1
/shop/checkout.asp,tablet,iOS,Chrome,34.0.1847.18,1
/shop/checkout.asp,tablet,iOS,Chrome,47.0.2526.107,1
/shop/checkout.asp,tablet,iOS,Chrome,50.0.2661.77,1
/shop/checkout.asp,tablet,iOS,Safari,5.1,1
/shop/checkout.asp,tablet,iOS,Safari,600.1.4,1
/shop/checkout.asp,tablet,Windows,Internet Explorer,11.0,1
/shop/psp/IDEC/cfm.asp,desktop,Linux,Firefox,35.0,1
/shop/psp/IDEC/cfm.asp,desktop,Macintosh,Chrome,35.0.1916.153,1
/shop/psp/IDEC/cfm.asp,desktop,Macintosh,Chrome,39.0.2171.99,1
/shop/psp/IDEC/cfm.asp,desktop,Macintosh,Chrome,41.0.2272.104,1
/shop/psp/IDEC/cfm.asp,desktop,Macintosh,Chrome,43.0.2357.124,1
/shop/psp/IDEC/cfm.asp,desktop,Macintosh,Chrome,47.0.2526.106,1
/shop/psp/IDEC/cfm.asp,desktop,Macintosh,Chrome,48.0.2564.116,1
/shop/psp/IDEC/cfm.asp,desktop,Macintosh,Firefox,30.0,1
/shop/psp/IDEC/cfm.asp,desktop,Macintosh,Firefox,31.0,1
/shop/psp/IDEC/cfm.asp,desktop,Macintosh,Firefox,38.0,1
/shop/psp/IDEC/cfm.asp,desktop,Macintosh,Firefox,40.0,1
/shop/psp/IDEC/cfm.asp,desktop,Macintosh,Firefox,45.0,1
/shop/psp/IDEC/cfm.asp,desktop,Macintosh,Safari,7.0.4,1
/shop/psp/IDEC/cfm.asp,desktop,Macintosh,Safari,7.0.5,1
/shop/psp/IDEC/cfm.asp,desktop,Macintosh,Safari,7.1,1
/shop/psp/IDEC/cfm.asp,desktop,Macintosh,Safari,7.1.2,1
/shop/psp/IDEC/cfm.asp,desktop,Macintosh,Safari,8.0.4,1
/shop/psp/IDEC/cfm.asp,desktop,Macintosh,Safari,8.0.8,1
/shop/psp/IDEC/cfm.asp,desktop,Macintosh,Safari,9.0.3,1
/shop/psp/IDEC/cfm.asp,desktop,Windows,Chrome,35.0.1916.47,1
/shop/psp/IDEC/cfm.asp,desktop,Windows,Chrome,38.0.2125.101,1
/shop/psp/IDEC/cfm.asp,desktop,Windows,Chrome,39.0.2171.65,1
/shop/psp/IDEC/cfm.asp,desktop,Windows,Chrome,39.0.2171.99,1
/shop/psp/IDEC/cfm.asp,desktop,Windows,Chrome,40.0.2214.111,1
/shop/psp/IDEC/cfm.asp,desktop,Windows,Chrome,40.0.2214.93,1
/shop/psp/IDEC/cfm.asp,desktop,Windows,Chrome,41.0.2272.118,1
/shop/psp/IDEC/cfm.asp,desktop,Windows,Chrome,41.0.2272.89,1
/shop/psp/IDEC/cfm.asp,desktop,Windows,Chrome,43.0.2357.132,1
/shop/psp/IDEC/cfm.asp,desktop,Windows,Chrome,43.0.2357.134,1
/shop/psp/IDEC/cfm.asp,desktop,Windows,Chrome,44.0.2403.107,1
/shop/psp/IDEC/cfm.asp,desktop,Windows,Chrome,44.0.2403.155,1
/shop/psp/IDEC/cfm.asp,desktop,Windows,Chrome,45.0.2454.101,1
/shop/psp/IDEC/cfm.asp,desktop,Windows,Chrome,45.0.2454.93,1
/shop/psp/IDEC/cfm.asp,desktop,Windows,Chrome,46.0.2480.0,1
/shop/psp/IDEC/cfm.asp,desktop,Windows,Chrome,48.0.2564.103,1
/shop/psp/IDEC/cfm.asp,desktop,Windows,Chrome,50.0.2661.75,1
/shop/psp/IDEC/cfm.asp,desktop,Windows,Firefox,28.0,1
/shop/psp/IDEC/cfm.asp,desktop,Windows,Firefox,30.0,1
/shop/psp/IDEC/cfm.asp,desktop,Windows,Firefox,43.0,1
/shop/psp/IDEC/cfm.asp,desktop,Windows,Opera,27.0.1689.66,1
/shop/psp/IDEC/cfm.asp,desktop,Windows,Opera,29.0.1795.21,1
/shop/psp/IDEC/cfm.asp,desktop,Windows,Opera,36.0.2130.32,1
/shop/psp/IDEC/cfm.asp,desktop,Windows,Safari,5.1.7,1
/shop/psp/IDEC/cfm.asp,mobile,Android,Chrome,31.0.1650.59,1
/shop/psp/IDEC/cfm.asp,mobile,Android,Chrome,43.0.2357.78,1
/shop/psp/IDEC/cfm.asp,mobile,iOS,Safari,6.0,1
/shop/psp/IDEC/cfm.asp,mobile,iOS,Safari,7.0,1
/shop/psp/IDEC/cfm.asp,mobile,iOS,Safari,9.0,1
/shop/psp/IDEC/cfm.asp,tablet,Android,Chrome,18.0.1025.166,1
/shop/psp/IDEC/cfm.asp,tablet,iOS,Chrome,34.0.1847.18,1
/shop/psp/IDEC/cfm.asp,tablet,iOS,Chrome,47.0.2526.107,1
/shop/psp/IDEC/cfm.asp,tablet,iOS,Safari,5.1,1
/shop/psp/IDEC/cfm.asp,tablet,iOS,Safari,600.1.4,1
/shop/psp/IDEC/cfm.asp,tablet,iOS,Safari,9537.53,1
/shop/psp/IDEC/cfm.asp,tablet,iOS,Safari (in-app),(not set),1
/shop/selectpaymentmethod.asp,desktop,Linux,Firefox,29.0,1
/shop/selectpaymentmethod.asp,desktop,Linux,Firefox,31.0,1
/shop/selectpaymentmethod.asp,desktop,Linux,Firefox,35.0,1
/shop/selectpaymentmethod.asp,desktop,Macintosh,Chrome,36.0.1985.125,1
/shop/selectpaymentmethod.asp,desktop,Macintosh,Chrome,39.0.2171.99,1
/shop/selectpaymentmethod.asp,desktop,Macintosh,Chrome,43.0.2357.124,1
/shop/selectpaymentmethod.asp,desktop,Macintosh,Chrome,43.0.2357.81,1
/shop/selectpaymentmethod.asp,desktop,Macintosh,Chrome,44.0.2391.0,1
/shop/selectpaymentmethod.asp,desktop,Macintosh,Chrome,46.0.2490.80,1
/shop/selectpaymentmethod.asp,desktop,Macintosh,Chrome,47.0.2526.106,1
/shop/selectpaymentmethod.asp,desktop,Macintosh,Chrome,48.0.2564.116,1
/shop/selectpaymentmethod.asp,desktop,Macintosh,Firefox,3.6.26,1
/shop/selectpaymentmethod.asp,desktop,Macintosh,Firefox,30.0,1
/shop/selectpaymentmethod.asp,desktop,Macintosh,Firefox,31.0,1
/shop/selectpaymentmethod.asp,desktop,Macintosh,Firefox,38.0,1
/shop/selectpaymentmethod.asp,desktop,Macintosh,Firefox,40.0,1
/shop/selectpaymentmethod.asp,desktop,Macintosh,Firefox,45.0,1
/shop/selectpaymentmethod.asp,desktop,Macintosh,Safari,7.0.5,1
/shop/selectpaymentmethod.asp,desktop,Macintosh,Safari,7.1,1
/shop/selectpaymentmethod.asp,desktop,Macintosh,Safari,7.1.2,1
/shop/selectpaymentmethod.asp,desktop,Macintosh,Safari,8.0.4,1
/shop/selectpaymentmethod.asp,desktop,Macintosh,Safari,9.0.3,1
/shop/selectpaymentmethod.asp,desktop,Windows,Chrome,35.0.1916.47,1
/shop/selectpaymentmethod.asp,desktop,Windows,Chrome,38.0.2125.101,1
/shop/selectpaymentmethod.asp,desktop,Windows,Chrome,39.0.2171.65,1
/shop/selectpaymentmethod.asp,desktop,Windows,Chrome,40.0.2179.0,1
/shop/selectpaymentmethod.asp,desktop,Windows,Chrome,40.0.2214.91,1
/shop/selectpaymentmethod.asp,desktop,Windows,Chrome,43.0.2357.132,1
/shop/selectpaymentmethod.asp,desktop,Windows,Chrome,44.0.2403.107,1
/shop/selectpaymentmethod.asp,desktop,Windows,Chrome,45.0.2454.93,1
/shop/selectpaymentmethod.asp,desktop,Windows,Chrome,46.0.2480.0,1
/shop/selectpaymentmethod.asp,desktop,Windows,Chrome,48.0.2564.103,1
/shop/selectpaymentmethod.asp,desktop,Windows,Chrome,48.0.2564.97,1
/shop/selectpaymentmethod.asp,desktop,Windows,Chrome,50.0.2661.75,1
/shop/selectpaymentmethod.asp,desktop,Windows,Opera,29.0.1795.21,1
/shop/selectpaymentmethod.asp,desktop,Windows,Opera,36.0.2130.32,1
/shop/selectpaymentmethod.asp,desktop,Windows,Safari,5.1.7,1
/shop/selectpaymentmethod.asp,mobile,Android,Android Browser,4.0,1
/shop/selectpaymentmethod.asp,mobile,Android,Chrome,28.0.1500.94,1
/shop/selectpaymentmethod.asp,mobile,Android,Chrome,31.0.1650.59,1
/shop/selectpaymentmethod.asp,mobile,Android,Chrome,34.0.1847.118,1
/shop/selectpaymentmethod.asp,mobile,Android,Chrome,39.0.2171.59,1
/shop/selectpaymentmethod.asp,mobile,Android,Chrome,43.0.2357.78,1
/shop/selectpaymentmethod.asp,mobile,Android,Chrome,47.0.2526.83,1
/shop/selectpaymentmethod.asp,mobile,Android,Chrome,48.0.2564.95,1
/shop/selectpaymentmethod.asp,mobile,iOS,Safari,6.0,1
/shop/selectpaymentmethod.asp,mobile,Windows Phone,Internet Explorer,11.0,1
/shop/selectpaymentmethod.asp,tablet,Android,Chrome,18.0.1025.166,1
/shop/selectpaymentmethod.asp,tablet,Android,Chrome,38.0.2125.114,1
/shop/selectpaymentmethod.asp,tablet,iOS,Chrome,34.0.1847.18,1
/shop/selectpaymentmethod.asp,tablet,iOS,Chrome,47.0.2526.107,1
/shop/selectpaymentmethod.asp,tablet,iOS,Chrome,50.0.2661.77,1
/shop/selectpaymentmethod.asp,tablet,iOS,Safari,5.1,1
/shop/selectpaymentmethod.asp,tablet,iOS,Safari,600.1.4,1
/templates/bestellen.asp,desktop,Chrome OS,Chrome,35.0.1916.155,1
/templates/bestellen.asp,desktop,Linux,Chrome,41.0.2272.89,1
/templates/bestellen.asp,desktop,Linux,Firefox,31.0,1
/templates/bestellen.asp,desktop,Linux,Firefox,35.0,1
/templates/bestellen.asp,desktop,Linux,Firefox,42.0,1
/templates/bestellen.asp,desktop,Linux,Firefox,45.0,1
/templates/bestellen.asp,desktop,Macintosh,Chrome,36.0.1985.125,1
/templates/bestellen.asp,desktop,Macintosh,Chrome,37.0.2062.120,1
/templates/bestellen.asp,desktop,Macintosh,Chrome,37.0.2062.124,1
/templates/bestellen.asp,desktop,Macintosh,Chrome,39.0.2171.99,1
/templates/bestellen.asp,desktop,Macintosh,Chrome,42.0.2311.90,1
/templates/bestellen.asp,desktop,Macintosh,Chrome,43.0.2357.124,1
/templates/bestellen.asp,desktop,Macintosh,Chrome,44.0.2391.0,1
/templates/bestellen.asp,desktop,Macintosh,Chrome,46.0.2490.71,1
/templates/bestellen.asp,desktop,Macintosh,Chrome,46.0.2490.80,1
/templates/bestellen.asp,desktop,Macintosh,Chrome,46.0.2490.86,1
/templates/bestellen.asp,desktop,Macintosh,Chrome,47.0.2526.106,1
/templates/bestellen.asp,desktop,Macintosh,Chrome,48.0.2564.116,1
/templates/bestellen.asp,desktop,Macintosh,Chrome,50.0.2661.86,1
/templates/bestellen.asp,desktop,Macintosh,Firefox,3.6.26,1
/templates/bestellen.asp,desktop,Macintosh,Firefox,30.0,1
/templates/bestellen.asp,desktop,Macintosh,Firefox,31.0,1
/templates/bestellen.asp,desktop,Macintosh,Firefox,37.0,1
/templates/bestellen.asp,desktop,Macintosh,Firefox,40.0,1
/templates/bestellen.asp,desktop,Macintosh,Firefox,45.0,1
/templates/bestellen.asp,desktop,Macintosh,Safari,5.0.6,1
/templates/bestellen.asp,desktop,Macintosh,Safari,6.0.5,1
/templates/bestellen.asp,desktop,Macintosh,Safari,7.0.5,1
/templates/bestellen.asp,desktop,Macintosh,Safari,7.1.2,1
/templates/bestellen.asp,desktop,Macintosh,Safari,7.1.3,1
/templates/bestellen.asp,desktop,Macintosh,Safari,7.1.6,1
/templates/bestellen.asp,desktop,Macintosh,Safari,8.0.4,1
/templates/bestellen.asp,desktop,Macintosh,Safari,8.0.6,1
/templates/bestellen.asp,desktop,Macintosh,Safari,8.0.7,1
/templates/bestellen.asp,desktop,Macintosh,Safari,9.0,1
/templates/bestellen.asp,desktop,Macintosh,Safari,9.0.1,1
/templates/bestellen.asp,desktop,Macintosh,Safari,9.0.2,1
/templates/bestellen.asp,desktop,Windows,Chrome,31.0.1650.59,1
/templates/bestellen.asp,desktop,Windows,Chrome,32.0.1700.41,1
/templates/bestellen.asp,desktop,Windows,Chrome,32.0.1700.76,1
/templates/bestellen.asp,desktop,Windows,Chrome,35.0.1916.47,1
/templates/bestellen.asp,desktop,Windows,Chrome,37.0.2062.102,1
/templates/bestellen.asp,desktop,Windows,Chrome,38.0.2125.101,1
/templates/bestellen.asp,desktop,Windows,Chrome,42.0.2311.152,1
/templates/bestellen.asp,desktop,Windows,Chrome,43.0.2357.65,1
/templates/bestellen.asp,desktop,Windows,Chrome,44.0.2403.89,1
/templates/bestellen.asp,desktop,Windows,Chrome,45.0.2454.93,1
/templates/bestellen.asp,desktop,Windows,Chrome,46.0.2480.0,1
/templates/bestellen.asp,desktop,Windows,Chrome,46.0.2490.71,1
/templates/bestellen.asp,desktop,Windows,Chrome,50.0.2661.75,1
/templates/bestellen.asp,desktop,Windows,Chrome,50.0.2661.94,1
/templates/bestellen.asp,desktop,Windows,Firefox,37.0,1
/templates/bestellen.asp,desktop,Windows,Firefox,43.0.4,1
/templates/bestellen.asp,desktop,Windows,Opera,26.0.1656.24,1
/templates/bestellen.asp,desktop,Windows,Opera,29.0.1795.21,1
/templates/bestellen.asp,desktop,Windows,Opera,36.0.2130.32,1
/templates/bestellen.asp,mobile,Android,Chrome,31.0.1650.59,1
/templates/bestellen.asp,mobile,Android,Chrome,34.0.1847.118,1
/templates/bestellen.asp,mobile,Android,Chrome,37.0.2062.117,1
/templates/bestellen.asp,mobile,Android,Chrome,38.0.2125.102,1
/templates/bestellen.asp,mobile,Android,Chrome,39.0.2171.93,1
/templates/bestellen.asp,mobile,Android,Chrome,42.0.2311.111,1
/templates/bestellen.asp,mobile,Android,Chrome,43.0.2357.78,1
/templates/bestellen.asp,mobile,Android,Chrome,45.0.2454.94,1
/templates/bestellen.asp,mobile,iOS,Chrome,45.0.2454.89,1
/templates/bestellen.asp,mobile,iOS,Safari,5.1,1
/templates/bestellen.asp,mobile,iOS,Safari,6.0,1
/templates/bestellen.asp,mobile,SymbianOS,Nokia Browser,7.3.1.37,1
/templates/bestellen.asp,mobile,Windows Phone,Internet Explorer,11.0,1
/templates/bestellen.asp,mobile,Windows Phone,Safari,537,1
/templates/bestellen.asp,tablet,Android,Chrome,1.5,1
/templates/bestellen.asp,tablet,Android,Chrome,18.0.1025.166,1
/templates/bestellen.asp,tablet,Android,Chrome,35.0.1916.122,1
/templates/bestellen.asp,tablet,Android,Chrome,38.0.2125.114,1
/templates/bestellen.asp,tablet,Android,Chrome,39.0.2171.59,1
/templates/bestellen.asp,tablet,Android,Chrome,41.0.2272.96,1
/templates/bestellen.asp,tablet,Android,Chrome,42.0.2311.111,1
/templates/bestellen.asp,tablet,iOS,Chrome,29.0.1547.11,1
/templates/bestellen.asp,tablet,iOS,Chrome,34.0.1847.18,1
/templates/bestellen.asp,tablet,iOS,Chrome,50.0.2661.77,1
/templates/bestellen.asp,tablet,iOS,Safari,4.0.4,1
/templates/bestellen.asp,tablet,iOS,Safari,5.0.2,1
/templates/bestellen.asp,tablet,iOS,Safari,5.1,1
/templates/bestellen.asp,tablet,iOS,Safari,6.0,1
/templates/winkelwagen.asp,desktop,Chrome OS,Chrome,35.0.1916.155,1
/templates/winkelwagen.asp,desktop,Linux,Chrome,41.0.2272.89,1
/templates/winkelwagen.asp,desktop,Linux,Firefox,31.0,1
/templates/winkelwagen.asp,desktop,Linux,Firefox,35.0,1
/templates/winkelwagen.asp,desktop,Linux,Firefox,45.0,1
/templates/winkelwagen.asp,desktop,Macintosh,Chrome,36.0.1985.125,1
/templates/winkelwagen.asp,desktop,Macintosh,Chrome,37.0.2062.120,1
/templates/winkelwagen.asp,desktop,Macintosh,Chrome,37.0.2062.124,1
/templates/winkelwagen.asp,desktop,Macintosh,Chrome,39.0.2171.99,1
/templates/winkelwagen.asp,desktop,Macintosh,Chrome,43.0.2357.124,1
/templates/winkelwagen.asp,desktop,Macintosh,Chrome,44.0.2391.0,1
/templates/winkelwagen.asp,desktop,Macintosh,Chrome,46.0.2490.71,1
/templates/winkelwagen.asp,desktop,Macintosh,Chrome,46.0.2490.80,1
/templates/winkelwagen.asp,desktop,Macintosh,Chrome,46.0.2490.86,1
/templates/winkelwagen.asp,desktop,Macintosh,Chrome,47.0.2526.106,1
/templates/winkelwagen.asp,desktop,Macintosh,Chrome,48.0.2564.116,1
/templates/winkelwagen.asp,desktop,Macintosh,Chrome,50.0.2661.86,1
/templates/winkelwagen.asp,desktop,Macintosh,Firefox,3.6.26,1
/templates/winkelwagen.asp,desktop,Macintosh,Firefox,30.0,1
/templates/winkelwagen.asp,desktop,Macintosh,Firefox,31.0,1
/templates/winkelwagen.asp,desktop,Macintosh,Firefox,40.0,1
/templates/winkelwagen.asp,desktop,Macintosh,Firefox,45.0,1
/templates/winkelwagen.asp,desktop,Macintosh,Safari,7.0.5,1
/templates/winkelwagen.asp,desktop,Macintosh,Safari,7.1.2,1
/templates/winkelwagen.asp,desktop,Macintosh,Safari,7.1.3,1
/templates/winkelwagen.asp,desktop,Macintosh,Safari,7.1.6,1
/templates/winkelwagen.asp,desktop,Macintosh,Safari,8.0.4,1
/templates/winkelwagen.asp,desktop,Macintosh,Safari,8.0.7,1
/templates/winkelwagen.asp,desktop,Macintosh,Safari,9.0,1
/templates/winkelwagen.asp,desktop,Macintosh,Safari,9.0.1,1
/templates/winkelwagen.asp,desktop,Macintosh,Safari,9.0.2,1
/templates/winkelwagen.asp,desktop,Windows,Chrome,31.0.1650.59,1
/templates/winkelwagen.asp,desktop,Windows,Chrome,32.0.1700.41,1
/templates/winkelwagen.asp,desktop,Windows,Chrome,35.0.1916.47,1
/templates/winkelwagen.asp,desktop,Windows,Chrome,37.0.2062.94,1
/templates/winkelwagen.asp,desktop,Windows,Chrome,38.0.2125.101,1
/templates/winkelwagen.asp,desktop,Windows,Chrome,42.0.2311.152,1
/templates/winkelwagen.asp,desktop,Windows,Chrome,43.0.2357.65,1
/templates/winkelwagen.asp,desktop,Windows,Chrome,44.0.2403.125,1
/templates/winkelwagen.asp,desktop,Windows,Chrome,45.0.2454.93,1
/templates/winkelwagen.asp,desktop,Windows,Chrome,45.0.2454.99,1
/templates/winkelwagen.asp,desktop,Windows,Chrome,46.0.2480.0,1
/templates/winkelwagen.asp,desktop,Windows,Chrome,46.0.2490.71,1
/templates/winkelwagen.asp,desktop,Windows,Chrome,50.0.2661.75,1
/templates/winkelwagen.asp,desktop,Windows,Chrome,50.0.2661.94,1
/templates/winkelwagen.asp,desktop,Windows,Opera,26.0.1656.24,1
/templates/winkelwagen.asp,desktop,Windows,Opera,29.0.1795.21,1
/templates/winkelwagen.asp,desktop,Windows,Opera,36.0.2130.32,1
/templates/winkelwagen.asp,desktop,Windows,Safari,5.1.7,1
/templates/winkelwagen.asp,mobile,Android,Chrome,31.0.1650.59,1
/templates/winkelwagen.asp,mobile,Android,Chrome,34.0.1847.118,1
/templates/winkelwagen.asp,mobile,Android,Chrome,36.0.1985.135,1
/templates/winkelwagen.asp,mobile,Android,Chrome,37.0.2062.117,1
/templates/winkelwagen.asp,mobile,Android,Chrome,38.0.2125.102,1
/templates/winkelwagen.asp,mobile,Android,Chrome,39.0.2171.59,1
/templates/winkelwagen.asp,mobile,Android,Chrome,39.0.2171.93,1
/templates/winkelwagen.asp,mobile,Android,Chrome,43.0.2357.78,1
/templates/winkelwagen.asp,mobile,iOS,Safari,6.0,1
/templates/winkelwagen.asp,mobile,Windows Phone,Internet Explorer,11.0,1
/templates/winkelwagen.asp,mobile,Windows Phone,Safari,537,1
/templates/winkelwagen.asp,tablet,Android,Chrome,1.5,1
/templates/winkelwagen.asp,tablet,Android,Chrome,18.0.1025.166,1
/templates/winkelwagen.asp,tablet,Android,Chrome,35.0.1916.122,1
/templates/winkelwagen.asp,tablet,Android,Chrome,38.0.2125.114,1
/templates/winkelwagen.asp,tablet,Android,Chrome,39.0.2171.59,1
/templates/winkelwagen.asp,tablet,Android,Chrome,41.0.2272.96,1
/templates/winkelwagen.asp,tablet,iOS,Chrome,34.0.1847.18,1
/templates/winkelwagen.asp,tablet,iOS,Chrome,50.0.2661.77,1
/templates/winkelwagen.asp,tablet,iOS,Safari,5.0.2,1
/templates/winkelwagen.asp,tablet,iOS,Safari,5.1,1
/templates/winkelwagen.asp,tablet,Windows,Internet Explorer,11.0,1